Title,Body,Status,Priority,Labels,Assignees,Milestone
"Set up basic blog and email infrastructure","Blog system with SEO optimization is already implemented; Email service with template system is already implemented; Social sharing functionality is already implemented (Requirements: 2.1, 4.1, 7.1)","Done","","infrastructure,completed",,"Phase 1"
"Add marketing-specific blog features","Create lead magnet integration within blog posts; Add email capture forms to existing blog templates; Implement content upgrade suggestions based on blog topics; Add marketing automation triggers for blog engagement (Requirements: 2.1, 4.3)","Todo","High","blog,marketing,enhancement",,"Phase 2"
"Enhance SEO and content optimization","Add XML sitemap generation for blog posts; Implement schema markup for articles and authors; Create internal linking suggestions system; Add keyword tracking and optimization recommendations (Requirements: 2.3, 2.4)","Todo","Medium","seo,optimization,blog",,"Phase 2"
"Build marketing email sequences","Create welcome series templates for new blog subscribers; Build nurture campaign templates for different user segments; Implement behavioral email triggers based on blog engagement; Add email list segmentation based on blog categories and engagement (Requirements: 4.1, 4.2)","Todo","High","email,marketing,automation",,"Phase 3"
"Create lead magnets and opt-in systems","Build downloadable resource system (PDFs, templates, guides); Create landing pages for lead magnets; Implement email automation for resource delivery; Add conversion tracking for lead magnets (Requirements: 4.3, 7.2)","Todo","High","lead-generation,email,content",,"Phase 3"
"Implement Google Analytics 4 integration","Add GA4 tracking code to all pages; Configure custom events for marketing actions (email signups, downloads, social shares); Set up conversion goals and funnels; Create custom dimensions for user segmentation (Requirements: 7.1, 7.5)","Todo","High","analytics,tracking,integration",,"Phase 4"
"Build marketing dashboard","Create unified dashboard combining blog analytics, email metrics, and social sharing data; Add real-time marketing performance monitoring; Implement automated weekly and monthly reporting; Build conversion funnel analysis and optimization recommendations (Requirements: 7.1, 7.4)","Todo","Medium","analytics,dashboard,reporting",,"Phase 4"
"Generate social media content templates","Create 50+ Instagram post templates with captions, hashtags, and visual descriptions; Develop 30+ TikTok video scripts with hooks, content, and call-to-actions; Build 100+ Twitter/X tweet templates for threads, tips, and engagement; Create Reddit post templates for writing communities with value-driven content (Requirements: 9.1, 1.2)","Todo","Medium","content,social-media,templates",,"Phase 5"
"Develop blog content template library","Create 5 complete sample articles (2,000+ words each) for each content pillar; Build headline formula database with 100+ examples; Create content brief templates with keyword research and competitor analysis; Generate HTML templates with proper SEO structure and email capture forms (Requirements: 9.2, 2.1)","Todo","Medium","content,blog,templates",,"Phase 5"
"Build email marketing content templates","Create subject line library with 200+ examples for different campaign types; Develop complete 7-email welcome sequence with HTML formatting; Build newsletter templates for different audience segments; Create opt-in forms and landing pages with conversion-optimized copy (Requirements: 9.3, 4.1)","Todo","Medium","content,email,templates",,"Phase 5"
"Create Discord bot and automation system","Build Discord bot for community management and engagement; Implement welcome sequences and role assignment automation; Create event scheduling and reminder system for virtual workshops; Add community engagement tracking and gamification features (Requirements: 3.1, 3.4)","Todo","Low","community,discord,automation",,"Phase 6"
"Build user-generated content showcase","Enhance existing story sharing to include community voting; Create featured content system with social media promotion tools; Implement user achievement system for community recognition; Add story submission and moderation workflow for community showcases (Requirements: 3.3, 9.1)","Todo","Low","community,ugc,features",,"Phase 6"
"Create influencer outreach system","Build influencer database with contact information and metrics; Implement automated outreach email sequences; Create campaign tracking with unique referral links and promo codes; Build performance dashboard with ROI calculations (Requirements: 6.1, 6.3)","Todo","Low","influencer,partnerships,outreach",,"Phase 7"
"Build partnership management platform","Create guest posting opportunity tracking system; Implement content collaboration tools for co-created content; Build cross-promotion scheduling and tracking; Create partnership ROI measurement and reporting tools (Requirements: 6.2, 6.4)","Todo","Low","partnerships,collaboration,tracking",,"Phase 7"
"Build content distribution automation","Create automated blog-to-social media content repurposing; Implement scheduled posting across social media platforms; Build content performance monitoring with optimization recommendations; Add automated social media engagement and response workflows (Requirements: 1.2, 8.3)","Todo","Medium","automation,content,social-media",,"Phase 8"
"Implement lead nurturing automation","Create behavioral trigger system for personalized email sequences; Build automated lead scoring based on engagement and activity; Implement dynamic content delivery based on user preferences; Create automated re-engagement campaigns for inactive subscribers (Requirements: 4.1, 4.2)","Todo","High","automation,email,lead-nurturing",,"Phase 8"
"Create Instagram content samples","Generate markdown file with 25 complete Instagram posts including captions, hashtags, and visual descriptions; Include posts for writing tips, AI assistance demos, worldbuilding guides, and success stories; Add image description templates and Canva design suggestions; Provide engagement strategies and optimal posting time recommendations (Requirements: 9.1, 1.2)","Done","","content,social-media,completed",,"Phase 9"
"Create TikTok video script samples","Generate markdown file with 15 full TikTok scripts including hooks, content, and CTAs; Include trending audio suggestions, visual directions, and text overlay examples; Provide scripts for tutorials, transformations, challenges, and AI demonstrations; Add hashtag strategies and optimal posting schedules (Requirements: 9.1, 1.2)","Done","","content,social-media,completed",,"Phase 9"
"Create Twitter/X content samples","Generate markdown file with 50 complete tweets, 10 thread templates, and engagement posts; Include writing tips, AI insights, community questions, and industry commentary; Provide hashtag strategies, optimal posting times, and engagement tactics; Add Twitter Spaces topics and community building strategies (Requirements: 9.1, 1.2)","Done","","content,social-media,completed",,"Phase 9"
"Create complete blog article samples","Generate HTML files with 3 complete 2,000+ word articles covering key content pillars; Include proper HTML structure with meta tags, schema markup, and responsive design; Provide SEO-optimized headlines, subheadings, and internal linking examples; Add email capture forms, social sharing buttons, and CTA sections with complete HTML (Requirements: 9.2, 2.1)","Done","","content,blog,completed",,"Phase 9"
"Create email marketing template samples","Generate HTML files with complete 7-email welcome sequence including subject lines and body copy; Include responsive email templates for newsletters, promotional campaigns, and nurture sequences; Provide personalization examples, segmentation strategies, and A/B testing variations; Add opt-in forms, landing pages, and thank you pages with complete HTML and copy (Requirements: 9.3, 4.1)","Todo","Medium","content,email,templates",,"Phase 9"
"Create Reddit community post samples","Generate markdown file with value-driven posts for r/writing, r/worldbuilding, r/fantasywriters, r/scifiwriting; Include complete post text, comment response templates, and engagement strategies; Provide subreddit-specific guidelines, posting schedules, and moderation considerations; Add AMA question templates and community building tactics (Requirements: 9.1, 1.2)","Todo","Low","content,social-media,reddit",,"Phase 9"
"Build marketing playbook","Create step-by-step guides for each marketing channel and strategy; Develop content creation guidelines and brand voice documentation; Build crisis management and community moderation procedures; Create performance optimization and troubleshooting guides (Requirements: 8.1, 10.3)","Todo","Low","documentation,marketing,playbook",,"Phase 10"
"Develop tool setup guides","Create detailed setup instructions for all free marketing tools; Build integration guides for connecting different marketing platforms; Develop troubleshooting documentation for common technical issues; Create backup and disaster recovery procedures for marketing systems (Requirements: 8.1, 8.3)","Todo","Low","documentation,tools,setup",,"Phase 10"
"Build performance monitoring framework","Create weekly and monthly review checklists for marketing performance; Develop optimization recommendation system based on analytics data; Build scaling guidelines for successful marketing channels; Create budget transition plan for moving from zero-budget to paid strategies (Requirements: 10.3, 10.4)","Todo","Low","documentation,analytics,monitoring",,"Phase 10"